{
  "version": "2020.1",
  "applications": [],
  "platforms": [
    {
      "name": "design_1_wrapper"
    }
  ],
  "systems": [
    {
      "name": "audio_2_system",
      "platform": "C:/Users/kummi/final_project_dddddd.xpr/design_1_wrapper/export/design_1_wrapper/design_1_wrapper.xpfm",
      "sysConfig": "design_1_wrapper",
      "applications": [
        {
          "name": "audio_2",
          "platform": "C:/Users/kummi/final_project_dddddd.xpr/design_1_wrapper/export/design_1_wrapper/design_1_wrapper.xpfm",
          "platformPath": "C:\\Users\\kummi\\final_project_dddddd.xpr\\design_1_wrapper\\export\\design_1_wrapper",
          "sysConfig": "design_1_wrapper",
          "domain": "domain_ps7_cortexa9_0",
          "system": "audio_2_system"
        }
      ],
      "platformPath": "C:\\Users\\kummi\\final_project_dddddd.xpr\\design_1_wrapper\\export\\design_1_wrapper"
    }
  ],
  "others": []
}